INSERT INTO RIDE_USERS VALUES(12002, 10020);
INSERT INTO RIDE_USERS VALUES(12003, 10003);
INSERT INTO RIDE_USERS VALUES(12004, 11007);
INSERT INTO RIDE_USERS VALUES(12005, 11006);
INSERT INTO RIDE_USERS VALUES(12005, 10020);
INSERT INTO RIDE_USERS VALUES(12005, 10017);
INSERT INTO RIDE_USERS VALUES(12006, 11004);
INSERT INTO RIDE_USERS VALUES(12006, 11006);
INSERT INTO RIDE_USERS VALUES(12006, 10010);
INSERT INTO RIDE_USERS VALUES(12007, 10005);
INSERT INTO RIDE_USERS VALUES(12007, 11008);
INSERT INTO RIDE_USERS VALUES(12007, 10019);
INSERT INTO RIDE_USERS VALUES(12008, 10001);
INSERT INTO RIDE_USERS VALUES(12008, 10011);
INSERT INTO RIDE_USERS VALUES(12008, 10013);
INSERT INTO RIDE_USERS VALUES(12009, 10011);
INSERT INTO RIDE_USERS VALUES(12009, 10016);
INSERT INTO RIDE_USERS VALUES(12009, 10009);
INSERT INTO RIDE_USERS VALUES(12009, 11006);
INSERT INTO RIDE_USERS VALUES(12011, 10016);
INSERT INTO RIDE_USERS VALUES(12012, 10005);
INSERT INTO RIDE_USERS VALUES(12012, 11008);
INSERT INTO RIDE_USERS VALUES(12012, 10019);
INSERT INTO RIDE_USERS VALUES(12013, 10003);
INSERT INTO RIDE_USERS VALUES(12013, 11007);
INSERT INTO RIDE_USERS VALUES(12014, 10020);
INSERT INTO RIDE_USERS VALUES(12014, 10017);
INSERT INTO RIDE_USERS VALUES(12014, 10015);
INSERT INTO RIDE_USERS VALUES(12015, 10018);
INSERT INTO RIDE_USERS VALUES(12015, 10017);
INSERT INTO RIDE_USERS VALUES(12016, 10017);
INSERT INTO RIDE_USERS VALUES(12016, 10018);
INSERT INTO RIDE_USERS VALUES(12016, 10016);
INSERT INTO RIDE_USERS VALUES(12018, 10003);
INSERT INTO RIDE_USERS VALUES(12020, 10012);

INSERT INTO USER_DETAILS VALUES (10001, 'raj@gmail.com', 'xxxxxxx', 'Rajan', 'R', 'Bangalore', 'M', 9555432100);
INSERT INTO USER_DETAILS VALUES (11002, 'kumar@gmail.com', 'xxxxxxx', 'Akshay', 'Kumar', 'Mumbai', 'M', 9887642101);
INSERT INTO USER_DETAILS VALUES (10003, 'Kanishk@gmail.com', 'xxxxxxx', 'Kanishk', 'Shay', 'Bangalore', 'M', 9886543210);
INSERT INTO USER_DETAILS VALUES (11004, 'Anjali@gmail.com', 'xxxxxxx', 'Anjali', 'Srivatsav', 'Pune', 'F', 9882345001);
INSERT INTO USER_DETAILS VALUES (10005, 'Preethi@gmail.com', 'xxxxxxx', 'Preethi', 'Rashwin', 'Chennai', 'F', 9781234502);
INSERT INTO USER_DETAILS VALUES (11006, 'rakesh@gmail.com', 'xxxxxxx', 'Rakesh', 'Roy', 'Pune', 'M', 9287654231);
INSERT INTO USER_DETAILS VALUES (11007, 'aditi@gmail.com', 'xxxxxxx', 'Aditi', 'Ras', 'Bangalore', 'F', 9684327865);
INSERT INTO USER_DETAILS VALUES (11008, 'krithi@gmail.com', 'xxxxxxx', 'Krithik', 'Rajan', 'Chennai', 'M', 9772347899);
INSERT INTO USER_DETAILS VALUES (10009, 'chandrav@gmail.com', 'xxxxxxx', 'Chandrav', 'Rajan', 'Bangalore', 'M', 9227658026);
INSERT INTO USER_DETAILS VALUES (10010, 'karthick@gmail.com', 'xxxxxx', 'Karthick', 'S', 'Mumbai', 'M', 9337652855);
INSERT INTO USER_DETAILS VALUES (10012, 'akansha@gmail.com', 'xxxxxxx', 'Akansha', 'Sing', 'Pune', 'F', 9228785472);
INSERT INTO USER_DETAILS VALUES (10013, 'gaurav@gmail.com', 'xxxxxxx', 'Gaurav', 'Kumar', 'Delhi', 'M', 9007685422);
INSERT INTO USER_DETAILS VALUES (10011, 'aishwarya@gmail.com', 'xxxxxx', 'Aishwarya', 'Rajesh', 'Bangalore', 'F', 9776327644);
INSERT INTO USER_DETAILS VALUES (10014, 'ragavan@gmail.com', 'xxxxxxx', 'Ragavan', 'R', 'Chennai', 'M', 9338987655);
INSERT INTO USER_DETAILS VALUES (10015, 'sharmila@gmail.com', 'xxxxxxx', 'Sharmila', 'Prasath', 'Bangalore', 'M', 9335258711);
INSERT INTO USER_DETAILS VALUES (10016, 'kanan@gmail.com', 'xxxxxxx', 'Kananan', 'Shekawath', 'Bangalore', 'F', 9665834866);
INSERT INTO USER_DETAILS VALUES (10017, 'sunil@gmail.com', 'xxxxxxx', 'Sunil', 'Shan', 'Mumbai', 'M', 9665467544);
INSERT INTO USER_DETAILS VALUES (10018, 'naveen@gmail.com', 'xxxxxxx', 'Naveen', 'R', 'Chennai', 'M', 9556874587);
INSERT INTO USER_DETAILS VALUES (10019, 'mothy@gmail.com', 'xxxxxxx', 'Mothy', 'Rajan', 'Chennai', 'M', 9003346842);
INSERT INTO USER_DETAILS VALUES (10020, 'shilpa@gmail.com', 'xxxxxxx', 'Shilpa', 'S', 'Mumbai', 'F', 9334876944);

INSERT INTO RIDE VALUES (12001, 'CHN DLF', 'Tidle Park', 3, 3, 10001, TIMESTAMP '25-Nov-20 07.00.13.36 PM', TIMESTAMP '25-Nov-20 08.02.13.36 PM', 'yes', 'yes');
INSERT INTO RIDE VALUES (12002, 'Siruseri IT Park', 'Taramani', 2, 3, 11002, TIMESTAMP '25-Nov-20 07.00.13.36 PM', TIMESTAMP '25-Nov-20 09.02.13.36 PM', 'yes', 'yes');
INSERT INTO RIDE VALUES (12003, 'Electronic City', 'Madiwala', 2, 3, 10003, TIMESTAMP '25-Nov-20 07.00.13.36 PM', TIMESTAMP '25-Nov-20 06.02.13.36 PM', 'yes', 'yes');
INSERT INTO RIDE VALUES (12004, 'BMTC', 'Electronic City', 2, 3, 11004, TIMESTAMP '26-Nov-20 07.30.13.36 PM', TIMESTAMP '26-Nov-20 08.02.13.36 PM', 'yes', 'yes');
INSERT INTO RIDE VALUES (12005, 'Pune', 'SP Info City', 0, 3, 10005, TIMESTAMP '27-Nov-20 03.00.13.36 PM', TIMESTAMP '27-Nov-20 05.02.13.36 PM', 'yes', 'yes');
INSERT INTO RIDE VALUES (12006, 'Mumbai', 'Pune', 0, 3, 10015, TIMESTAMP '25-Nov-20 06.00.13.36 PM', TIMESTAMP '25-Nov-20 08.02.13.36 PM', 'yes', 'yes');
INSERT INTO RIDE VALUES (12007, 'Chennai', 'Tidle Park', 0, 3, 11006, TIMESTAMP '28-Nov-20 06.00.13.36 PM', TIMESTAMP '28-Nov-20 07.30.13.36 PM', 'yes', 'yes');
INSERT INTO RIDE VALUES (12008, 'Coimbatore', 'DLF Park', 0, 5, 10017, TIMESTAMP '28-Nov-20 07.30.13.36 PM', TIMESTAMP '28-Nov-20 08.02.13.36 PM', 'no');
INSERT INTO RIDE VALUES (12009, 'Mysore', 'Bangalore', 1, 5, 10018, TIMESTAMP '29-Nov-20 06.00.13.36 PM', TIMESTAMP '29-Nov-20 08.02.13.36 PM', 'no');
INSERT INTO RIDE VALUES (12010, 'RMZ Ecoworld', 'KR Puram', 3, 3, 10018, TIMESTAMP '30-Nov-20 07.00.13.36 PM', TIMESTAMP '30-Nov-20 07.02.13.36 PM', 'yes', 'yes');
INSERT INTO RIDE VALUES (12011, 'KR Pruam', 'Bangalore Airport', 2, 3, 10019, TIMESTAMP '01-Dec-20 07.00.13.36 PM', TIMESTAMP '01-Dec-20 07.45.13.36 PM', 'yes', 'yes');
INSERT INTO RIDE VALUES (12012, 'Egmore', 'Chennai Central', 0, 3, 10020, TIMESTAMP '05-Dec-20 07.20.13.36 PM', TIMESTAMP '05-Dec-20 08.30.13.36 PM', 'yes', 'yes');
INSERT INTO RIDE VALUES (12013, 'LalBagh', 'Electronic City', 1, 3, 10001, TIMESTAMP '15-Nov-20 06.30.13.36 PM', TIMESTAMP '15-Dec-20 08.02.13.36 PM', 'yes', 'yes');
INSERT INTO RIDE VALUES (12014, 'Nandi Hills', 'Bangalore', 0, 3, 11002, TIMESTAMP '13-Nov-20 04.00.13.36 PM', TIMESTAMP '13-Dec-20 08.02.13.36 PM', 'yes', 'yes');
INSERT INTO RIDE VALUES (12015, 'BMTC', 'KR Puram', 2, 2, 10003, TIMESTAMP '25-Dec-20 07.00.13.36 PM', TIMESTAMP '25-Dec-20 08.02.13.36 PM');
INSERT INTO RIDE VALUES (12016, 'DLF Park', 'Coimbatore', 1, 3, 10005, TIMESTAMP '22-Dec-20 06.30.13.36 PM', TIMESTAMP '22-Dec-20 07.25.13.36 PM');
INSERT INTO RIDE VALUES (12017, 'Chennai Airport', 'DLF IT Park', 0, 2, 10005, TIMESTAMP '21-Dec-20 07.00.13.36 PM', TIMESTAMP '21-Dec-20 08.12.13.36 PM', 'yes', 'yes');
INSERT INTO RIDE VALUES (12018, 'Bangalore Airport', 'Madiwala', 2, 3, 11007, TIMESTAMP '15-Dec-20 07.10.13.36 PM', TIMESTAMP '15-Dec-20 08.25.13.36 PM', 'yes', 'yes');
INSERT INTO RIDE VALUES (12019, 'Chennai Central', 'Tambaram', 3, 3, 11008, TIMESTAMP '15-Dec-20 07.20.13.36 PM', TIMESTAMP '15-Dec-20 08.40.13.36 PM', 'yes', 'yes');
INSERT INTO RIDE VALUES (12020, 'Mumbai Central', 'Dadar', 2, 3, 10020, TIMESTAMP '10-Dec-20 07.00.13.36 PM', TIMESTAMP '10-Dec-20 07.02.13.36 PM', 'yes', 'yes');